Team,Commit,Timestamp,Accuracy,Gates,Parameters
Quantum Visionaries,00ce1d,1718941555,54.0,10,19
Expert Classifiers,276298,1718943684,53.0,10,19
Expert Classifiers,17ad4a,1718947833,53.0,10,19
Highfive,d7d214,1718958241,47.0,9,10
Highfive,4d4004,1718958316,53.0,10,19
Highfive,6e7b91,1718961855,50.0,7,8
Highfive,6c0b1f,1718964219,49.0,8,9
Highfive,6e8b3e,1718966456,51.0,8,9
Highfive,3a22d6,1718966502,49.0,8,9
소나무가 삐지면,9f0161,1718944852,53.0,10,19
Highfive,c88ecf,1718975767,53.0,10,19
소나무가 삐지면,a2cd91,1718977483,50.0,10,19
Expert Classifiers,9b7ce8,1718947836,53.0,14,15
소나무가 삐지면,4bbda2,1718977488,49.0,10,19
Highfive,561337,1718984461,46.0,10,47
Expert Classifiers,b3ccab,1718977688,41.0,19,20
Expert Classifiers,480933,1718989956,44.0,19,20
Highfive,14e9ad,1718984483,54.0,10,19
Highfive,a901bf,1718987704,53.0,10,19
Highfive,1c7c89,1718988007,53.0,10,19
소나무가 삐지면,ab98e9,1718983316,50.0,10,23
Highfive,1f7431,1719023318,50.0,5,9
Highfive,691e74,1719023362,50.0,5,9
소나무가 삐지면,d1b18b,1719023098,52.0,9,15
Highfive,0eb4cc,1719029857,53.0,6,8
소나무가 삐지면,9647ce,1719029329,50.0,7,8
Pine Tree,a29225,1719030860,49.0,7,8
